iteration,pipelineMetricLat,draftMetricLat
1,0.44803786277770996,0.4917266368865967
